"hostid","host","name","assets name","VM Name","Status","DC","ASSETS OK","assets ip","ASSETS IP OK","interfaces.ip","ASSETS name","Action","Notes","Target name"
10084,"SRV62","SRV62 - Zabbix 6.0 Backend","SRV62","SRV62_ZabbixBackend_ex_SRV204","poweredOn","RWERES-DC",TRUE,"10.112.61.98",FALSE,"127.0.0.1","#N/A",,,
10106,"SRV11",,"SRV11","SRV11_FTP_WSUS_hMail","poweredOn","RWERES-DC",TRUE,"10.112.61.242",TRUE,"10.112.61.242","#N/A",,,
10110,"SRV40",,"SRV40","SRV40_SoftingVOB","poweredOn","RWERES-DC",TRUE,"10.112.63.201",TRUE,"10.112.63.201","#N/A",,,
10111,"SRV85","SRV85 - Hexis Portal Prod","SRV84","SRV84_SQLDev","poweredOn","RWERES-DC",FALSE,"10.112.63.208",FALSE,"10.112.61.23","#N/A","skip","Does not exist in assets => could be an app => put in Analyze HG",
10193,"SRV85B",,"SRV85b","SRV85b_HexisPortal","poweredOn","RWERES-DC",TRUE,"10.112.61.33",TRUE,"10.112.61.33","#N/A",,,
10194,"SRV85A",,"SRV85a","SRV85a_HexisPortal","poweredOn","RWERES-DC",TRUE,"10.112.61.34",TRUE,"10.112.61.34","#N/A",,,
10203,"SRV87",,"SRV87","SRV87_Biztalk","poweredOn","RWERES-DC",TRUE,"10.112.63.206",TRUE,"10.112.63.206","#N/A",,,
10205,"SRV01-neu","SRV01-neu - VEEAM","SQL24703","SQL24703_SQL2_PV_Poland","poweredOn","RWERES-DC",FALSE,"10.60.199.7",FALSE,"10.112.63.165","#N/A","skip","Does not exist in assets => could be an app => put in Analyze HG",
10206,"SRV54",,"SRV54","SRV54_Direktvermarktung","poweredOn","RWERES-DC",TRUE,"10.112.61.245",TRUE,"10.112.61.245","#N/A",,,
10264,"SRV33",,"SRV33","SRV33_DH","poweredOn","RWERES-DC",TRUE,"10.112.63.181",TRUE,"10.112.63.181","#N/A",,,
10275,"SRV53","SRV53 - Hexis Portal Test","SRV53","SRV53_HexisPortal_restApr16","poweredOn","RWERES-DC",TRUE,"10.112.61.22",TRUE,"10.112.61.22","#N/A",,,
10280,"SRV04",,"SRV04","SRV04_Citrix","poweredOn","RWERES-DC",TRUE,"10.112.61.4",TRUE,"10.112.61.4","#N/A",,,
10282,"SRV06",,"SRV06","SRV06_Citrix","poweredOn","RWERES-DC",TRUE,"10.112.61.12",TRUE,"10.112.61.12","#N/A",,,
10284,"SRV15",,"SRV15","SRV15_DiensteServer","poweredOn","RWERES-DC",TRUE,"10.112.63.245",TRUE,"10.112.63.245","#N/A",,,
10285,"SRV181",,"SRV181","SRV181_JumpHost","poweredOn","RWERES-DC",TRUE,"10.112.61.229",TRUE,"10.112.61.229","#N/A",,,
10289,"SRV24",,"SRV24","SRV24_Siglon","poweredOn","RWERES-DC",TRUE,"10.112.61.18",TRUE,"10.112.61.18","#N/A",,,
10290,"SRV27",,"SRV27","SRV27_FPT_TM8","poweredOn","RWERES-DC",TRUE,"10.112.61.243",TRUE,"10.112.61.243","#N/A",,,
10291,"SRV30",,"SRV30","SRV30_AlarmserverA","poweredOn","RWERES-DC",TRUE,"10.112.63.184",TRUE,"10.112.63.184","#N/A",,,
10292,"SRV30b",,"SRV30b","SRV30b_AlarmserverB","poweredOn","RWERES-DC",TRUE,"10.112.63.175",TRUE,"10.112.63.175","#N/A",,,
10294,"SRV32",,"SRV32","SRV32_TS Gateway","poweredOn","RWERES-DC",TRUE,"10.112.61.244",TRUE,"10.112.61.244","#N/A",,,
10295,"SRV34",,"SRV34","SRV34_xWrapperProd1","poweredOn","RWERES-DC",TRUE,"10.112.61.19",TRUE,"10.112.61.19","#N/A",,,
10296,"SRV34b",,"SRV34b","SRV34b_xWrapperProd2","poweredOn","RWERES-DC",TRUE,"10.112.61.21",TRUE,"10.112.61.21","#N/A",,,
10297,"SRV44",,"SRV44","SRV44_HexisProd","poweredOn","RWERES-DC",TRUE,"10.112.63.198",TRUE,"10.112.63.198","#N/A",,,
10299,"SRV46",,"SRV46","SRV46_AlarmMgmt_ex_SRV175","poweredOn","RWERES-DC",TRUE,"10.112.61.30",TRUE,"10.112.61.30","#N/A",,,
10300,"SRV47",,"SRV47","SRV47_SQLReportAnalysis","poweredOn","RWERES-DC",TRUE,"10.112.63.209",TRUE,"10.112.63.209","#N/A",,,
10301,"SRV50a",,"SRV50A","SRV50a_Genesis1","poweredOn","RWERES-DC",TRUE,"10.112.63.176",TRUE,"10.112.63.176","#N/A",,,
10302,"SRV50b",,"SRV50b","SRV50b_Genesis2","poweredOn","RWERES-DC",TRUE,"10.112.63.177",TRUE,"10.112.63.177","#N/A",,,
10303,"SRV51a",,"SRV51a","SRV51a_HyperHist1","poweredOn","RWERES-DC",TRUE,"10.112.63.178",TRUE,"10.112.63.178","#N/A",,,
10304,"SRV51b",,"SRV51b","SRV51b_HyperHist2","poweredOn","RWERES-DC",TRUE,"10.112.63.179",TRUE,"10.112.63.179","#N/A",,,
10305,"SRV52a","SRV52a","SRV52A","SRV52A_SQLBiztalkCluster1","poweredOn","RWERES-DC",TRUE,"192.168.0.152",FALSE,"10.112.63.172","#N/A",,,
10306,"SRV52b","SRV52b","SRV52B","SRV52B_SQLBiztalkCluster2","poweredOn","RWERES-DC",TRUE,"192.168.0.153",FALSE,"10.112.63.173","#N/A",,,
10307,"SRV54b",,"SRV54B","SRV54B_Direktvermarktung","poweredOn","RWERES-DC",TRUE,"10.112.61.246",TRUE,"10.112.61.246","#N/A",,,
10310,"SRV84",,"SRV84","SRV84_SQLDev","poweredOn","RWERES-DC",TRUE,"10.112.63.208",TRUE,"10.112.63.208","#N/A",,,
10311,"SRV86",,"srv86","SRV86_TCMSiemens","poweredOn","RWERES-DC",TRUE,"10.112.63.207",TRUE,"10.112.63.207","#N/A",,,
10312,"SRV89",,"SRV89","SRV89_Pandora","poweredOn","RWERES-DC",TRUE,"10.112.61.100",TRUE,"10.112.61.100","#N/A",,,
10313,"SRV89T",,"SRV89T","SRV89T_PandoraTest","poweredOn","RWERES-DC",TRUE,"10.112.61.101",TRUE,"10.112.61.101","#N/A",,,
10316,"DH01_HAN",,"DH01_HAN","SRV39_DH01","poweredOn","RWERES-DC",TRUE,"10.112.63.200",TRUE,"10.112.63.200","#N/A",,,
10317,"SRV101-A",,"SRV101-A","SRV101-A_SQL","poweredOn","RWERES-DC",TRUE,"10.112.63.226",TRUE,"10.112.63.226","#N/A",,,
10482,"S030A2311","S030A2311 - PI Server","RWS140155","RWS140155-OSI","poweredOn","RWERES-DC",FALSE,"10.10.140.155",FALSE,"10.182.50.186","#N/A","skip","Does not exist in assets => could be an app => put in Analyze HG",
10541,"SRV203 WMS PROD",,"SRV203","SRV203_WMS_PROD","poweredOn","RWERES-DC",FALSE,"10.112.61.7",TRUE,"10.112.61.7","#N/A","skip","there are 3 hosts in Zbx for the same IP, with similar names",
10545,"SRV115","SRV115 - BizTalk Test","SRV114s","SRV114s_AlarmParallelisier_Test","poweredOn","RWERES-DC",FALSE,"10.112.63.216",FALSE,"10.112.63.219","#N/A","skip","Does not exist in assets => could be an app => put in Analyze HG",
10546,"SRV105b",,"SRV105b","SRV105b_Chronos","poweredOn","RWERES-DC",TRUE,"10.112.61.159",TRUE,"10.112.61.159","#N/A",,,
10548,"SRV99b",,"SRV99b","SRV99b_Iconics","poweredOn","RWERES-DC",TRUE,"10.112.63.235",TRUE,"10.112.63.235","#N/A",,,
10549,"SRV112a",,"SRV112A","SRV112A_ChronosHyperHist","poweredOn","RWERES-DC",TRUE,"10.112.63.232",TRUE,"10.112.63.232","#N/A",,,
10550,"SRV112b",,"SRV112B","SRV112B_ChronosHyperHist","poweredOn","RWERES-DC",TRUE,"10.112.63.236",TRUE,"10.112.63.236","#N/A",,,
10553,"SRV102",,"SRV102","SRV102_Fileserver","poweredOn","RWERES-DC",TRUE,"10.112.63.221",TRUE,"10.112.63.221","#N/A",,,
10554,"SRV103",,"SRV103","SRV103_Rotorsoft","poweredOn","RWERES-DC",TRUE,"10.112.61.35",TRUE,"10.112.61.35","#N/A",,,
10561,"SRV44Tn",,"SRV44Tn","SRV44T_HexisTest","poweredOn","RWERES-DC",TRUE,"10.112.63.231",TRUE,"10.112.63.231","#N/A",,,
10563,"SRV120",,"SRV120","SRV120_xWrapper","poweredOn","RWERES-DC",TRUE,"10.112.61.20",TRUE,"10.112.61.20","#N/A",,,
10565,"SRV117",,"SRV117","SRV117_VOBGermany","poweredOn","RWERES-DC",TRUE,"10.112.63.222",TRUE,"10.112.63.222","#N/A",,,
10566,"SRV118",,"SRV118","SRV118_VOBNL","poweredOn","RWERES-DC",TRUE,"10.112.63.223",TRUE,"10.112.63.223","#N/A",,,
10567,"SRV119",,"SRV119","SRV119_VOBItaly","poweredOn","RWERES-DC",TRUE,"10.112.63.224",TRUE,"10.112.63.224","#N/A",,,
10572,"SRV101-B","SRV101-B - SQLFCPROD","SRV101-B","SRV101-B_SQL","poweredOn","RWERES-DC",TRUE,"10.255.255.50",FALSE,"10.112.63.227","#N/A",,,
10573,"SRV121",,"SRV121","SRV121_Citrix","poweredOn","RWERES-DC",TRUE,"10.112.61.24",TRUE,"10.112.61.24","#N/A",,,
10575,"SRV83",,"SRV83","SRV83_SQL","poweredOn","RWERES-DC",TRUE,"10.112.61.36",TRUE,"10.112.61.36","#N/A",,,
10577,"SRV28",,"SRV28","SRV28_DC_Vasco","poweredOn","RWERES-DC",TRUE,"10.112.63.249",TRUE,"10.112.63.249","#N/A",,,
10589,"SRV203 WMS Linux PROD",,"SRV203","SRV203_WMS_PROD","poweredOn","RWERES-DC",FALSE,"10.112.61.7",TRUE,"10.112.61.7","#N/A","skip","there are 3 hosts in Zbx for the same IP, with similar names",
10595,"SRV123",,"SRV123","SRV123_TrendMicro","poweredOn","RWERES-DC",TRUE,"10.112.62.211",TRUE,"10.112.62.211","#N/A",,,
10599,"SRV90",,"SRV90","SRV90_DiensteServer","poweredOn","RWERES-DC",TRUE,"10.112.63.203",TRUE,"10.112.63.203","#N/A",,,
10600,"SRV114s",,"SRV114s","SRV114s_AlarmParallelisier_Test","poweredOn","RWERES-DC",TRUE,"10.112.63.216",TRUE,"10.112.63.216","#N/A",,,
10601,"SRV125",,"SRV125","SRV125_TCMIsolation","poweredOn","RWERES-DC",TRUE,"10.112.62.244",TRUE,"10.112.62.244","#N/A",,,
10605,"SRV126",,"SRV126","SRV126_iVantiPatch","poweredOn","RWERES-DC",TRUE,"10.112.62.212",TRUE,"10.112.62.212","#N/A",,,
10620,"SRV127",,"SRV127","SRV127_PowerBiGW","poweredOn","RWERES-DC",TRUE,"10.112.62.213",TRUE,"10.112.62.213","#N/A",,,
10622,"SRV108",,"SRV108","SRV108_Softing","poweredOn","RWERES-DC",TRUE,"10.112.62.226",TRUE,"10.112.62.226","#N/A",,,
10624,"SRV122",,"SRV122","SRV122_CombinedDataStreams","poweredOn","RWERES-DC",TRUE,"10.112.61.235",TRUE,"10.112.61.235","#N/A",,,
10626,"SRV24T",,"SRV24T","SRV24T_Siglon","poweredOn","RWERES-DC",TRUE,"10.112.61.37",TRUE,"10.112.61.37","#N/A",,,
10628,"SRV109","SRV109 - Development Server","SRV109","SRV109_DevSRV","poweredOn","RWERES-DC",TRUE,"192.168.56.1",FALSE,"10.112.61.41","#N/A",,,
10637,"SRV18a",,"SRV18A","SRV18A_WGmgmt_spare","poweredOn","RWERES-DC",TRUE,"10.112.61.227",TRUE,"10.112.61.227","#N/A",,,
10653,"SRV63",,"SRV63","SRV63_DNSDMZ","poweredOn","RWERES-DC",TRUE,"10.112.62.193",TRUE,"10.112.62.193","#N/A",,,
10654,"SRV64",,"SRV64","SRV64_DNSDMZ","poweredOn","RWERES-DC",TRUE,"10.112.62.194",TRUE,"10.112.62.194","#N/A",,,
10701,"SRV59",,"SRV59","SRV59_RDSLic2012R2","poweredOn","RWERES-DC",TRUE,"10.112.61.82",TRUE,"10.112.61.82","#N/A",,,
10865,"S030A2997_PDO","S030A2997 - BelVis Server","RWS140155","RWS140155-OSI","poweredOn","RWERES-DC",FALSE,"10.10.140.155",FALSE,"10.185.85.229","#N/A","skip","Does not exist in assets => could be an app => put in Analyze HG",
10882,"SRV136S",,"SRV136s","SRV136s_Chronos_Backend","poweredOn","RWERES-DC",TRUE,"10.112.63.237",TRUE,"10.112.63.237","#N/A",,,
10883,"SRV137S",,"SRV137S","SRV137S_Chronos_Backend","poweredOn","RWERES-DC",TRUE,"10.112.63.238",TRUE,"10.112.63.238","#N/A",,,
10884,"SRV138S",,"SRV138S","SRV138s_Chronos_Frontend","poweredOn","RWERES-DC",TRUE,"10.112.61.26",TRUE,"10.112.61.26","#N/A",,,
10885,"SRV139S",,"SRV139s","SRV139s_Chronos_Frontend","poweredOn","RWERES-DC",TRUE,"10.112.61.27",TRUE,"10.112.61.27","#N/A",,,
10920,"SRV141",,"SRV141","SRV141_MatlabWebServer","poweredOn","RWERES-DC",TRUE,"10.112.61.28",TRUE,"10.112.61.28","#N/A",,,
11004,"SRV131",,"SRV131","SRV131_DC","poweredOn","RWERES-DC",TRUE,"10.112.63.252",TRUE,"10.112.63.252","#N/A",,,
11005,"SRV25","SRV25-Sharepoint","SRV24T","SRV24T_Siglon","poweredOn","RWERES-DC",FALSE,"10.112.61.37",FALSE,"10.112.61.25","#N/A","skip","Does not exist in assets => could be an app => put in Analyze HG",
11006,"SRV29",,"SRV29","SRV29_PQI","poweredOn","RWERES-DC",TRUE,"10.112.63.185",TRUE,"10.112.63.185","#N/A",,,
11010,"SRV142",,"SRV142","SRV142_DeploymentDev","poweredOn","RWERES-DC",TRUE,"10.112.61.29",TRUE,"10.112.61.29","#N/A",,,
11019,"SRV145","SRV145 - Battery EMS Windows Server","SRV142","SRV142_DeploymentDev","poweredOn","RWERES-DC",FALSE,"10.112.61.29",FALSE,"10.112.62.1","#N/A","skip","Does not exist in assets => host disabled => put in Analyze HG",
11020,"SRV146","SRV146 - Battery EMS Server Linux","SRV142","SRV142_DeploymentDev","poweredOn","RWERES-DC",FALSE,"10.112.61.29",FALSE,"10.112.62.2","#N/A","skip","Does not exist in assets => host disabled => put in Analyze HG",
11021,"SRV147","SRV147 - Docker Staging","SRV147","SRV147_Docker","poweredOn","RWERES-DC",TRUE,"#N/A",FALSE,"10.112.61.11","#N/A",,"no IP in assets",
11042,"SRV148","SRV148 - Docker Prod","SRV148","SRV148_Docker","poweredOn","RWERES-DC",TRUE,"#N/A",FALSE,"10.112.61.15","#N/A",,"no IP in assets",
11043,"SRV149","SRV149 - Docker Prod","SRV149","SRV149_Docker","poweredOn","RWERES-DC",TRUE,"#N/A",FALSE,"10.112.61.16","#N/A",,"no IP in assets",
11044,"SRV150","SRV150 - Docker Prod","SRV150","SRV150_Docker","poweredOn","RWERES-DC",TRUE,"#N/A",FALSE,"10.112.61.17","#N/A",,"no IP in assets",
11112,"SRV154","SRV154 - Docker Prod","SRV154","SRV154_Docker","poweredOn","RWERES-DC",TRUE,"#N/A",FALSE,"10.112.61.9","#N/A",,"no IP in assets",
11132,"SRV156",,"SRV156","SRV156_hMail-neu","poweredOn","RWERES-DC",TRUE,"10.112.61.84",TRUE,"10.112.61.84","#N/A",,,
11173,"SRV159","SRV159 - Docker Staging","SRV159","SRV159_Docker","poweredOn","RWERES-DC",TRUE,"#N/A",FALSE,"10.112.61.109","#N/A",,"no IP in assets",
11515,"SRV162","SRV162 - Docker Staging","SRV162","SRV162_Docker","poweredOn","RWERES-DC",TRUE,"#N/A",FALSE,"10.112.61.131","#N/A",,"no IP in assets",
11516,"SRV163","SRV163 - Docker Staging","SRV163","SRV163_Docker","poweredOn","RWERES-DC",TRUE,"#N/A",FALSE,"10.112.61.132","#N/A",,"no IP in assets",
11523,"SRV165",,"SRV165","SRV165_ApplicationJumphost","poweredOn","RWERES-DC",TRUE,"10.112.61.133",TRUE,"10.112.61.133","#N/A",,,
11524,"SRV151",,"SRV151","SRV151_RDSLic_DMZ","poweredOn","RWERES-DC",TRUE,"10.112.62.196",TRUE,"10.112.62.196","#N/A",,,
11525,"SRV152",,"SRV152","SRV152_RDSLic_Core","poweredOn","RWERES-DC",TRUE,"10.112.63.239",TRUE,"10.112.63.239","#N/A",,,
11530,"SRV167","SRV167 - Docker Proxy Staging","SRV167","SRV167_Docker_Proxy_Staging","poweredOn","RWERES-DC",TRUE,"#N/A",FALSE,"10.112.62.246","#N/A",,"no IP in assets",
11533,"SRV168","SRV168 - Docker Proxy Prod","SRV168","SRV168_Docker_Proxy_Prod","poweredOn","RWERES-DC",TRUE,"#N/A",FALSE,"10.112.62.247","#N/A",,"no IP in assets",
11535,"SRV169",,"SRV169","SRV169_CERTERO","poweredOn","RWERES-DC",TRUE,"10.112.61.134",TRUE,"10.112.61.134","#N/A",,,
11538,"SRV170",,"SRV170","SRV170_GreenboxPutlitz","poweredOn","RWERES-DC",TRUE,"10.112.61.135",TRUE,"10.112.61.135","#N/A",,,
11539,"SRV171",,"SRV171","SRV171_GreenboxGwynt-Y-Mor","poweredOn","RWERES-DC",TRUE,"10.112.61.136",TRUE,"10.112.61.136","#N/A",,,
11547,"SRV129",,"SRV129","SRV129_BuildServer","poweredOn","RWERES-DC",TRUE,"10.112.61.234",TRUE,"10.112.61.234","#N/A",,,
11548,"SRV58","SRV58-WSUS","SRV54B","SRV54B_Direktvermarktung","poweredOn","RWERES-DC",FALSE,"10.112.61.246",FALSE,"10.112.62.209","#N/A","skip","Powered off in Assets",
11549,"SRV106",,"SRV106","SRV106_RDSLic2016DMZ","poweredOn","RWERES-DC",TRUE,"10.112.62.195",TRUE,"10.112.62.195","#N/A",,,
11550,"SRV113",,"SRV113","SRV113_TCM","poweredOn","RWERES-DC",TRUE,"10.112.62.241",TRUE,"10.112.62.241","#N/A",,,
11592,"SRV173",,"srv173","SRV173_ZabbixFrontend_ex_SRV205","poweredOn","RWERES-DC",TRUE,"10.112.61.140",TRUE,"10.112.61.140","#N/A",,,
11616,"SRV175",,"SRV175","SRV175_AlarmMgmt_ex_SRV46","poweredOn","RWERES-DC",TRUE,"10.112.61.32",TRUE,"10.112.61.32","#N/A",,,
11635,"SRV176",,"SRV176","SRV176_NSO-DHCP","poweredOn","RWERES-DC",TRUE,"10.112.61.144",TRUE,"10.112.61.144","#N/A",,,
11665,"SRV177",,"SRV177","SRV177_NSO-BSH_OpenRave","poweredOn","RWERES-DC",TRUE,"10.112.61.149",TRUE,"10.112.61.149","#N/A",,,
11668,"MGMT15170","MGMT15170 - AIS-MGMT","MGMT15170","EON-MGMT15170-AIS-MGMT","poweredOn","RWERES-DC",TRUE,"192.168.40.1",FALSE,"172.17.15.170","#N/A",,,
11680,"SA90132",,"SA90132","EON-SA90132-DATAREQUEST","poweredOn","RWERES-DC",TRUE,"172.17.3.132",TRUE,"172.17.3.132","#N/A",,,
11681,"SA90134",,"SA90134","EON-SA90134-KPI-DATABASE","poweredOn","RWERES-DC",TRUE,"172.17.3.134",TRUE,"172.17.3.134","#N/A",,,
11682,"SA90133",,"SA90133","EON-SA90133-OEM-DATABASE","poweredOn","RWERES-DC",TRUE,"172.17.3.133",TRUE,"172.17.3.133","#N/A",,,
11683,"SA90147",,"SA90147","EON-SA90147-ECR-DATA08","poweredOn","RWERES-DC",TRUE,"172.17.3.147",TRUE,"172.17.3.147","#N/A",,,
11687,"SRV178",,"srv178","SRV178_SPLUNK_Log_Forwarder","poweredOn","RWERES-DC",TRUE,"10.112.61.237",TRUE,"10.112.61.237","#N/A",,,
11688,"SRV160",,"srv160","SRV160_SelfServiceTool","poweredOn","RWERES-DC",TRUE,"10.112.61.8",TRUE,"10.112.61.8","#N/A",,,
11690,"Proxy-Frankfurt","Proxy-Frankfurt","PLNOWWCINT001","PLNOWWCINT001","poweredOn","Poland",FALSE,"10.112.57.204",FALSE,"10.110.3.107","#N/A","skip","does not exist in assets => ",
11692,"SRV179",,"SRV179","SRV179_GreenboxGalloper","poweredOn","RWERES-DC",TRUE,"10.112.61.150",TRUE,"10.112.61.150","#N/A",,,
11705,"SA90148",,"SA90148","EON-SA90148-SQL-BK-VIBRO","poweredOn","RWERES-DC",TRUE,"172.17.3.148",TRUE,"172.17.3.148","#N/A",,,
11706,"acc20010",,"acc20010","EON-ACC20010-FTP","poweredOn","RWERES-DC",TRUE,"172.17.20.10",TRUE,"172.17.20.10","#N/A",,,
11707,"acc20011",,"acc20011","EON-ACC20011-FTP_21","poweredOn","RWERES-DC",TRUE,"172.17.20.11",TRUE,"172.17.20.11","#N/A",,,
11709,"acc20018",,"ACC20018","EON-ACC20018-CDN","poweredOn","RWERES-DC",TRUE,"172.17.20.18",TRUE,"172.17.20.18","#N/A",,,
11710,"acc20019","ACC20019 - THIRDPARTY","acc20019","EON-ACC20019-THIRDPARTY","poweredOn","RWERES-DC",TRUE,"62.225.143.57",FALSE,"172.17.20.19","#N/A",,,
11716,"acc20081",,"ACC20081","EON-ACC20081-TOMCAT7","poweredOn","RWERES-DC",TRUE,"172.17.20.81",TRUE,"172.17.20.81","#N/A",,,
11717,"acc20082",,"acc20082","EON-ACC20082-TOMCAT8","poweredOn","RWERES-DC",TRUE,"172.17.20.82",TRUE,"172.17.20.82","#N/A",,,
11718,"acc20083",,"ACC20083","EON-ACC20083-WEBAPPS","poweredOn","RWERES-DC",TRUE,"172.17.20.83",TRUE,"172.17.20.83","#N/A",,,
11721,"acc20086","ACC20086 - WFM-PREDATUR","ACC20086","ACC20086-WFM-PREDATUR_DO_NOT_POWER_ON","poweredOff","RWERES-DC",TRUE,"#N/A",FALSE,"172.17.20.86","#N/A","skip","no IP in assets",
11722,"acc20087",,"ACC20087","EON-ACC20087-TOMCAT13","poweredOn","RWERES-DC",TRUE,"172.17.20.87",TRUE,"172.17.20.87","#N/A",,,
11723,"acc20088",,"acc20088","EON-ACC20088-TOMCAT14","poweredOn","RWERES-DC",TRUE,"172.17.20.88",TRUE,"172.17.20.88","#N/A",,,
11724,"acc20091",,"ACC20091","EON-ACC20091-TOMCAT17","poweredOn","RWERES-DC",TRUE,"172.17.20.91",TRUE,"172.17.20.91","#N/A",,,
11725,"acc20092",,"acc20092","EON-ACC20092-TIP","poweredOn","RWERES-DC",TRUE,"172.17.20.92",TRUE,"172.17.20.92","#N/A",,,
11726,"acc20093",,"ACC20093","EON-ACC20093-CINNAMON","poweredOn","RWERES-DC",TRUE,"172.17.20.93",TRUE,"172.17.20.93","#N/A",,,
11727,"acc2094",,"ACC2094","EON-ACC20094-Webserver","poweredOn","RWERES-DC",TRUE,"172.17.20.94",TRUE,"172.17.20.94","#N/A",,,
11728,"acc20095",,"ACC20095","EON-ACC20095-CINNAMON2","poweredOn","RWERES-DC",TRUE,"172.17.20.95",TRUE,"172.17.20.95","#N/A",,,
11729,"acc20098",,"ACC20098","EON-ACC20098-TABLEAU-BACKGROUNDER","poweredOn","RWERES-DC",TRUE,"172.17.20.98",TRUE,"172.17.20.98","#N/A",,,
11730,"acc20099",,"ACC20099","EON-ACC20099-TABLEAU_PROD_SERVER","poweredOn","RWERES-DC",TRUE,"172.17.20.99",TRUE,"172.17.20.99","#N/A",,,
11732,"acc20120",,"ACC20120","EON-ACC20120-XSV","poweredOn","RWERES-DC",TRUE,"172.17.20.120",TRUE,"172.17.20.120","#N/A",,,
11734,"acc20090",,"ACC20090","ACC20090-AZURE-DATAGATEWAY","poweredOn","RWERES-DC",TRUE,"172.17.20.90",TRUE,"172.17.20.90","#N/A",,,
11735,"st90151",,"ST90151","EON-ST90151-VOB-LICENSING","poweredOn","RWERES-DC",TRUE,"172.17.6.151",TRUE,"172.17.6.151","#N/A",,,
11736,"st90152",,"ST90152","ST90152-ANDROMEDA","poweredOn","RWERES-DC",TRUE,"172.17.6.152",TRUE,"172.17.6.152","#N/A",,,
11737,"st90153",,"ST90153","ST90153-TS-UK-OPS-ONSHORE","poweredOn","RWERES-DC",TRUE,"172.17.6.153",TRUE,"172.17.6.153","#N/A",,,
11738,"st90154",,"ST90154","ST90154-TS-POLAND-ONSHORE-OPS","poweredOn","RWERES-DC",TRUE,"172.17.6.154",TRUE,"172.17.6.154","#N/A",,,
11739,"st90156","ST90156 - RELAY-MAILSERVER","ST90156","EON-ST90156-RELAY-MAILSERVER","poweredOn","RWERES-DC",TRUE,"#N/A",FALSE,"172.17.6.156","#N/A","skip","no IP in assets",
11740,"st90157",,"ST90157","ST90157-TS-CR-ARKONA-AMRUMBANK","poweredOn","RWERES-DC",TRUE,"172.17.6.157",TRUE,"172.17.6.157","#N/A",,,
11741,"st90158",,"ST90158","ST90158-VOB-NORDIC-ALL-SITES","poweredOn","RWERES-DC",TRUE,"172.17.6.158",TRUE,"172.17.6.158","#N/A",,,
11742,"st90159",,"ST90159","ST90159-TS-CR-NEUKLOSTER","poweredOn","RWERES-DC",TRUE,"172.17.6.159",TRUE,"172.17.6.159","#N/A",,,
11744,"st90162",,"ST90162","EON-ST90162-DATAEXPORT-TABLEAU","poweredOn","RWERES-DC",TRUE,"172.17.6.162",TRUE,"172.17.6.162","#N/A",,,
11745,"st90163",,"ST90163","EON-ST90163-DATAEXPORT","poweredOn","RWERES-DC",TRUE,"172.17.6.163",TRUE,"172.17.6.163","#N/A",,,
11746,"st90172",,"ST90172","ST90172-CENTRAL-TCM","poweredOn","RWERES-DC",TRUE,"172.17.6.172",TRUE,"172.17.6.172","#N/A",,,
11747,"st90184",,"ST90184","ST90184-NORDIC","poweredOn","RWERES-DC",TRUE,"172.17.6.184",TRUE,"172.17.6.184","#N/A",,,
11749,"st90240","ST90240 - ZABBIX-PROXY-TERMINAL","ST90230","ST90230-CHECKPOINT-VODA-TS","poweredOn","RWERES-DC",FALSE,"172.17.6.230",FALSE,"172.17.6.240","#N/A","skip","Powered off in Assets",
11750,"ST90245",,"ST90245","ST90245-APO-COMPUTING","poweredOn","RWERES-DC",TRUE,"172.17.6.245",TRUE,"172.17.6.245","#N/A",,,
11751,"st90250",,"ST90250","ST90250-PYTHON-SCRIPTING","poweredOn","RWERES-DC",TRUE,"172.17.6.250",TRUE,"172.17.6.250","#N/A",,,
11752,"cms30010",,"CMS30010","CMS30010-OMNITREND","poweredOn","RWERES-DC",TRUE,"172.17.30.10",TRUE,"172.17.30.10","#N/A",,,
11753,"cms30050",,"CMS30050","CMS30050-BACHMANN-WEBLOG-SOLUTION-CENTER","poweredOn","RWERES-DC",TRUE,"172.17.30.50",TRUE,"172.17.30.50","#N/A",,,
11754,"cms3070",,"CMS3070","EON-CMS3070-TCM-G&J","poweredOn","RWERES-DC",TRUE,"172.17.30.70",TRUE,"172.17.30.70","#N/A",,,
11755,"cms30145",,"CMS30145","CMS30145-CALC-BK-VIBRO","poweredOn","RWERES-DC",TRUE,"172.17.30.145",TRUE,"172.17.30.145","#N/A",,,
11756,"cms30150",,"CMS30150","CMS30150-CMS-BK-VIBRO","poweredOn","RWERES-DC",TRUE,"172.17.30.150",TRUE,"172.17.30.150","#N/A",,,
11757,"cms30168",,"CMS30168","CMS30168-SKF-MON","poweredOn","RWERES-DC",TRUE,"172.17.30.168",TRUE,"172.17.30.168","#N/A",,,
11758,"cms30169",,"CMS30169","CMS30169-SKF-MON","poweredOn","RWERES-DC",TRUE,"172.17.30.169",TRUE,"172.17.30.169","#N/A",,,
11765,"sup-vc1-ecr","vCenter SuP Frankfurt","SUP-SCADA-DC2","SUP-SCADA-DC2","poweredOn","RWERES-FW",FALSE,"10.17.1.11",FALSE,"10.17.120.200","#N/A","skip","different name in assets: sup-vc1-rweres",
12484,"sa90032","SA90032 - WINDOWS-SERVICES","SA90032","EON-SA90032-WINDOWS-SERVICES","poweredOn","RWERES-DC",TRUE,"#N/A",FALSE,"172.17.3.32","#N/A","skip","no IP in assets",
12485,"sa90062",,"SA90062","EON-WYA250202-METEO-STATION-DATALOGGER-SA90062","poweredOn","RWERES-DC",TRUE,"172.17.3.62",TRUE,"172.17.3.62","#N/A",,,
12494,"SA90107","SA90107 - ZABBIX-PROXY-SCADA","SA90107","SA90107-ZABBIX-PROXY-FRA","poweredOn","RWERES-DC",TRUE,"172.17.3.107",FALSE,"10.110.3.107","#N/A",,,
12497,"sa90110","SA90110 - METMAST","SA90110","EON-SA90110-METMAST","poweredOn","RWERES-DC",TRUE,"#N/A",FALSE,"172.17.3.110","#N/A","skip","no IP in assets",
12498,"sa90111",,"SA90111","EON-SA90111-PYTHON","poweredOn","RWERES-DC",TRUE,"172.17.3.111",TRUE,"172.17.3.111","#N/A",,,
12499,"sa90112","SA90112 - WFM_SERVICE_NODE","sa90112","EON-SA90112-WFM_SERVICE_NODE","poweredOff","RWERES-DC",TRUE,"#N/A",FALSE,"172.17.3.112","#N/A","skip","no IP in assets",
12500,"sa90114",,"SA90114","SA90114-MAILRELAY","poweredOn","RWERES-DC",TRUE,"172.17.3.114",TRUE,"172.17.3.114","#N/A",,,
12504,"sa90135",,"SA90135","EON-SA90135-STORAGE-COMMVAULT","poweredOn","RWERES-DC",TRUE,"172.17.3.135",TRUE,"172.17.3.135","#N/A",,,
12505,"sa90142",,"SA90142","EON-SA90142-RABBITMQ","poweredOn","RWERES-DC",TRUE,"172.17.3.142",TRUE,"172.17.3.142","#N/A",,,
12508,"sa90149",,"SA90149","EON-SA90149-PI-Server","poweredOn","RWERES-DC",TRUE,"172.17.3.149",TRUE,"172.17.3.149","#N/A",,,
12509,"SA90150","SA90150 - DC2","SA90150","EON-SA90150-Offline-Schoeck","poweredOff","RWERES-DC",TRUE,"#N/A",FALSE,"172.17.3.150","#N/A","skip","no IP in assets",
12511,"sa90152","SA90152 - NONMSDB","sa90152","EON-SA90152-NONMSDB","poweredOff","RWERES-DC",TRUE,"#N/A",FALSE,"172.17.3.152","#N/A","skip","no IP in assets",
12512,"sa90154",,"SA90154","EON-SA90154-IEC-104","poweredOn","RWERES-DC",TRUE,"172.17.3.154",TRUE,"172.17.3.154","#N/A",,,
12513,"sa90155",,"SA90155","EON-SA90155-PI-Interface","poweredOn","RWERES-DC",TRUE,"172.17.3.155",TRUE,"172.17.3.155","#N/A",,,
12514,"sa90156","SA90156 - POSTFIX-RELAY-MAILSERVER","SA90156","EON-SA90156-POSTFIX-RELAY-MAILSERVER","poweredOn","RWERES-DC",TRUE,"#N/A",FALSE,"172.17.3.156","#N/A","skip","no IP in assets",
12515,"sa90158",,"SA90158","SA90158-DATAHUB-SERVER","poweredOn","RWERES-DC",TRUE,"172.17.3.158",TRUE,"172.17.3.158","#N/A",,,
12516,"sa90160",,"SA90160","EON-SA90160-PI-AF","poweredOn","RWERES-DC",TRUE,"172.17.3.160",TRUE,"172.17.3.160","#N/A",,,
12517,"sa90161",,"SA90161","EON-SA90161-PI-Analytics","poweredOn","RWERES-DC",TRUE,"172.17.3.161",TRUE,"172.17.3.161","#N/A",,,
12518,"sa90163",,"SA90163","EON-SA90163-KMS-WSUS","poweredOn","RWERES-DC",TRUE,"172.17.3.163",TRUE,"172.17.3.163","#N/A",,,
12519,"sa90170",,"SA90170","SA90170-DOMAIN-CONTROLER-2","poweredOn","RWERES-DC",TRUE,"172.17.3.170",TRUE,"172.17.3.170","#N/A",,,
12521,"sa90175",,"sa90175","EON-SA90175-FILEDIST","poweredOn","RWERES-DC",TRUE,"172.17.3.175",TRUE,"172.17.3.175","#N/A",,,
12523,"sa90203",,"SA90203","EON-SA90203-ENERCON","poweredOn","RWERES-DC",TRUE,"172.17.3.203",TRUE,"172.17.3.203","#N/A",,,
12524,"sa90209",,"sa90209","EON-SA90209-SERVICEBUS","poweredOn","RWERES-DC",TRUE,"172.17.3.209",TRUE,"172.17.3.209","#N/A",,,
12525,"sa90210",,"SA90210","EON-SA90210-APP1","poweredOn","RWERES-DC",TRUE,"172.17.3.210",TRUE,"172.17.3.210","#N/A",,,
12528,"sa90215",,"sa90215","EON-SA90215-SERVICEBUS-PROD","poweredOn","RWERES-DC",TRUE,"172.17.3.215",TRUE,"172.17.3.215","#N/A",,,
12529,"acc20012",,"ACC20012","ACC20012-PROXY-WWW3","poweredOn","RWERES-DC",TRUE,"172.17.20.12",TRUE,"172.17.20.12","#N/A",,,
12530,"acc20020",,"ACC20020","ACC20020-PROXY-SEC","poweredOn","RWERES-DC",TRUE,"172.17.20.20",TRUE,"172.17.20.20","#N/A",,,
12531,"acc20022",,"ACC20022","ACC20022-PROXY-RWE","poweredOn","RWERES-DC",TRUE,"172.17.20.22",TRUE,"172.17.20.22","#N/A",,,
12532,"acc20084",,"ACC20084","ACC20084-WEBAPPS-2","poweredOn","RWERES-DC",TRUE,"172.17.20.84",TRUE,"172.17.20.84","#N/A",,,
12533,"acc20085",,"ACC20085","ACC20085-SAPINTERFACE","poweredOn","RWERES-DC",TRUE,"172.17.20.85",TRUE,"172.17.20.85","#N/A",,,
12547,"WT003000 - PI Server Neurath","WT003000 - PI Server Neurath","WSUKHUMSQL","WSUKHUMSQL","poweredOn","UK",FALSE,,FALSE,"10.101.144.92","#N/A","skip","does not exist in assets => ",
12575,"SA90200",,"SA90200","EON-SA90200-CR-MAIL","poweredOn","RWERES-DC",TRUE,"#N/A","#N/A","172.17.0.2","#N/A",,,
12614,"acc20076","ACC20076 - TOMCAT18","ACC20076","ACC20076-TOMCAT18","poweredOff","RWERES-DC",TRUE,"#N/A","#N/A","172.17.20.76","#N/A","skip","no IP in assets",
12659,"172.17.20.75","ACC20075 - Apache","#N/A","RWS140006-MI-SCOUT-SQL-SERVER_replica","poweredOff","RWERES-FW",FALSE,"#N/A","#N/A","172.17.20.75","#N/A","skip","does not exist in assets => ",
12660,"WT003003_PDO","WT003003 - BelVis Server Neu","WSUKHUMSQL","WSUKHUMSQL","poweredOn","UK",FALSE,"#N/A","#N/A","10.101.144.114","#N/A","skip","does not exist in assets => ",
12685,"mgmt15185",,"MGMT15185","RWE-MGMT15185-VCENTER","poweredOn","RWERES-DC",TRUE,"#N/A","#N/A","172.17.15.185","#N/A",,,
12970,"thp40002",,"THP40002","EON-THP40002-EWII-OSI","poweredOn","RWERES-DC",TRUE,"#N/A","#N/A","172.17.40.2","#N/A",,,
12971,"thp40010",,"THP40010","EON-THP40010-E2C","poweredOn","RWERES-DC",TRUE,"#N/A","#N/A","172.17.40.10","#N/A",,,
12972,"thp40018",,"THP40018","EON-THP40018-TAEPPELBERG","poweredOn","RWERES-DC",TRUE,"#N/A","#N/A","172.17.40.18","#N/A",,,
12973,"thp40026",,"THP40026","EON-THP40026-KULLTORP","poweredOn","RWERES-DC",TRUE,"#N/A","#N/A","172.17.40.26","#N/A",,,
12974,"thp40034",,"THP40034","EON-THP40034-Brattmyrliden","poweredOn","RWERES-DC",TRUE,"#N/A","#N/A","172.17.40.34","#N/A",,,
12984,"ST90246",,"ST90246","ST90246-STORAGE-ENGINEERING","poweredOn","RWERES-DC",TRUE,"#N/A","#N/A","172.17.6.246","#N/A",,,
12990,"st90230",,"ST90230","ST90230-CHECKPOINT-VODA-TS","poweredOn","RWERES-DC",TRUE,"#N/A","#N/A","172.17.6.230","#N/A",,,
12994,"SRV182",,"SRV182","SRV182_GreenboxTaciewo","poweredOn","RWERES-DC",TRUE,"#N/A","#N/A","10.112.61.162","#N/A",,,
13006,"eulspartica001",,"eulspartica001","ARTICA-PROXY","poweredOn","RWERES-DC",TRUE,"#N/A","#N/A","172.17.0.55","#N/A",,,
13135,"batteries-backup-srv","Batteries Backup Server","BAT-SRV99","BAT-SRV99_DMZ_TS2_Extern","poweredOn","RWERES-DC",FALSE,"#N/A","#N/A","10.112.63.69","#N/A","skip","does not exist in assets => ",
13143,"st90100",,"ST90100","ST90100-TCS-TS","poweredOn","RWERES-DC",TRUE,"#N/A","#N/A","172.17.6.100","#N/A",,,
13144,"st90101",,"ST90101","ST90101-AzureAccess","poweredOn","RWERES-DC",TRUE,"#N/A","#N/A","172.17.6.101","#N/A",,,
13145,"cms30015",,"CMS30015","CMS30015-PRUEFTECHNIK-MSSQL","poweredOn","RWERES-DC",TRUE,"#N/A","#N/A","172.17.30.15","#N/A",,,
13146,"RWS140155",,"RWS140155","RWS140155-OSI","poweredOn","RWERES-DC",TRUE,"#N/A","#N/A","10.10.140.155","#N/A",,,
13148,"rws140005",,"RWS140005","RWS140005-MISCOUT-SERVER","poweredOn","RWERES-DC",TRUE,"#N/A","#N/A","10.10.140.5","#N/A",,,
13149,"rws140006",,"RWS140006","RWS140006-MISCOUT-SQL-SERVER","poweredOn","RWERES-DC",TRUE,"#N/A","#N/A","10.10.140.6","#N/A",,,
13150,"RWS140015",,"RWS140015","RWS140015-MISCOUT-CASSANDRA","poweredOn","RWERES-DC",TRUE,"#N/A","#N/A","10.10.140.15","#N/A",,,
13193,"SRV99a",,"SRV99a","SRV99a_Iconics","poweredOn","RWERES-DC",TRUE,"#N/A","#N/A","10.112.63.242","#N/A",,,
13194,"SRV105a",,"SRV105a","SRV105a_Chronos","poweredOn","RWERES-DC",TRUE,"#N/A","#N/A","10.112.61.164","#N/A",,,
13257,"uat250068",,"UAT250068","EON-UAT250068-SAPSOAP","poweredOn","RWERES-DC",TRUE,"#N/A","#N/A","172.17.250.68","#N/A",,,
13258,"uat250069",,"UAT250069","EON-UAT250069-RABBIT-1","poweredOn","RWERES-DC",TRUE,"#N/A","#N/A","172.17.250.69","#N/A",,,
13259,"uat250070",,"UAT250070","EON-UAT250070-MSSQL-1","poweredOn","RWERES-DC",TRUE,"#N/A","#N/A","172.17.250.70","#N/A",,,
13260,"uat250071",,"UAT250071","EON-UAT250071-WEBAPPS-1","poweredOn","RWERES-DC",TRUE,"#N/A","#N/A","172.17.250.71","#N/A",,,
13261,"uat250072",,"UAT250072","EON-UAT250072-WEBAPPS-2","poweredOn","RWERES-DC",TRUE,"#N/A","#N/A","172.17.250.72","#N/A",,,
13262,"uat250081",,"UAT250081","EON-UAT250081-DATASERVICES-1","poweredOn","RWERES-DC",TRUE,"#N/A","#N/A","172.17.250.81","#N/A",,,
13263,"uat250082",,"UAT250082","EON-UAT250082-XSV","poweredOn","RWERES-DC",TRUE,"#N/A","#N/A","172.17.250.82","#N/A",,,
13264,"uat250083",,"UAT250083","EON-UAT250083-CINNAMON","poweredOn","RWERES-DC",TRUE,"#N/A","#N/A","172.17.250.83","#N/A",,,
13270,"SRV184","SRV184 - Veeam BackupProxy","SRV184","SRV184_Veeam_BackupProxy","poweredOn","RWERES-DC",TRUE,"#N/A","#N/A","10.112.63.243","#N/A",,,
13271,"ACC20079",,"ACC20079","ACC20079-TMS-Tickets-PPM","poweredOn","RWERES-DC",TRUE,"#N/A","#N/A","172.17.20.79","#N/A",,,
13619,"LT003002 PacMan Database Server 1","LT003002 PacMan Database Server 1","LSUKHUMCAS","LSUKHUMCAS","poweredOn","UK",FALSE,"#N/A","#N/A","10.101.146.74","#N/A","skip","does not exist in assets => ",
13622,"SRV189","SRV189 - Password Safe","srv188","SRV188_Reddis","poweredOn","RWERES-DC",FALSE,"#N/A","#N/A","10.112.61.174","#N/A","skip","does not exist in assets => ",
13627,"LT003003 PacMan Database Server 2","LT003003 PacMan Database Server 2","LSUKHUMCAS","LSUKHUMCAS","poweredOn","UK",FALSE,"#N/A","#N/A","10.101.146.75","#N/A","skip","does not exist in assets => ",
13644,"SRV195",,"SRV195","SRV195_OSIsoftPIOPC","poweredOn","RWERES-DC",TRUE,"#N/A","#N/A","10.112.63.244","#N/A",,,
13646,"SRV196",,"SRV196","SRV196_Rotorsoft_RD2.0","poweredOn","RWERES-DC",TRUE,"#N/A","#N/A","10.112.61.180","#N/A",,,
13648,"SRV161",,"SRV161","SRV161_Grafana","poweredOn","RWERES-DC",TRUE,"#N/A","#N/A","10.112.61.130","#N/A",,,
13650,"WT003019","WT003019 - B2B-Windows-Server","WSUKHUMSQL","WSUKHUMSQL","poweredOn","UK",FALSE,"#N/A","#N/A","10.101.172.128","#N/A","skip","does not exist in assets => ",
13651,"WT003024","WT003024 - B2B-Windows-Server","WSUKHUMSQL","WSUKHUMSQL","poweredOn","UK",FALSE,"#N/A","#N/A","10.101.172.129","#N/A","skip","does not exist in assets => ",
13668,"st90155",,"ST90155","ST90155-CONNECTPOINT","poweredOn","RWERES-DC",TRUE,"#N/A","#N/A","172.17.6.155","#N/A",,,
13692,"SRV202",,"SRV202","SRV202_Gamesa_Sites","poweredOn","RWERES-DC",TRUE,"#N/A","#N/A","10.112.61.186","#N/A",,,
13696,"cms30170",,"CMS30170","CMS30170-SKF-MSSQL","poweredOn","RWERES-DC",TRUE,"#N/A","#N/A","172.17.30.170","#N/A",,,
13855,"SQL04010",,"SQL04010","SQL04010-MSSQL","poweredOn","RWERES-DC",TRUE,"#N/A","#N/A","172.17.4.10","#N/A",,,
13859,"SRV215","SRV215 - Devolutions","srv214","SRV214-QUALYS","poweredOn","RWERES-DC",FALSE,"#N/A","#N/A","10.112.61.190","#N/A","skip","does not exist in assets => ",
13878,"SRV216",,"SRV216","SRV216_Greenbox-NRT","poweredOn","RWERES-DC",TRUE,"#N/A","#N/A","10.112.61.160","#N/A",,,
14126,"SRV217",,"SRV217","SRV217_ZabbixDB","poweredOn","RWERES-DC",TRUE,"#N/A","#N/A","10.112.63.247","#N/A",,,
14562,"SRV218",,"SRV218","SRV218_Fileserver","poweredOn","RWERES-DC",TRUE,"#N/A","#N/A","10.112.61.161","#N/A",,,
14602,"sa90099",,"SA90099","SA90099-ORL-SolarDB","poweredOn","RWERES-DC",TRUE,"#N/A","#N/A","172.17.3.99","#N/A",,,
14603,"SQL04011",,"SQL04011","SQL04011-DB-SYNC_R","poweredOn","RWERES-DC",TRUE,"#N/A","#N/A","172.17.4.11","#N/A",,,
14868,"SRV101","SRV101 - SQLFCPROD","srv10","SRV10","poweredOn","RWERES-DC",FALSE,"#N/A","#N/A",,"#N/A","skip","Does not exist in assets => could be an app => put in Analyze HG",
15005,"SRV222",,"SRV222","SRV222_NRT","poweredOn","RWERES-DC",TRUE,"#N/A","#N/A","10.112.63.70","#N/A",,,
19815,"SRV223","SRV223 - RDS","SRV222","SRV222_NRT","poweredOn","RWERES-DC",FALSE,"#N/A","#N/A","10.112.61.115","#N/A","skip","does not exist in assets => ",
19816,"SRV219",,"SRV219","SRV219-REDIS-Cache-1","poweredOn","RWERES-DC",TRUE,"#N/A","#N/A","10.112.61.39","#N/A",,,
19817,"SRV220",,"SRV220","SRV220-REDIS-Cache-2","poweredOn","RWERES-DC",TRUE,"#N/A","#N/A","10.112.61.42","#N/A",,,
19818,"SRV221",,"SRV221","SRV221-REDIS-Cache-3","poweredOn","RWERES-DC",TRUE,"#N/A","#N/A","10.112.61.46","#N/A",,,
19819,"SRV224",,"SRV224","SRV224-LOCAL-REPOSITORY","poweredOn","RWERES-DC",TRUE,"#N/A","#N/A","10.117.11.10","#N/A",,,
19820,"EUWSPMGMT001",,"EUWSPMGMT001","EUWSPMGMT001-01","poweredOn","RWERES-DC",TRUE,"#N/A","#N/A","10.112.62.165","#N/A",,,
19825,"EUWSDBT001",,"EUWSDBT001","EUWSDBT001","poweredOn","RWERES-DC",TRUE,"#N/A","#N/A","10.112.63.213","#N/A",,,
19826,"EUWSUBT001",,"EUWSUBT001","EUWSUBT001","poweredOn","RWERES-DC",TRUE,"#N/A","#N/A","10.112.63.214","#N/A",,,
19893,"eulsdpzbx002",,"EULSDPZBX002","EULSDPZBX002","poweredOn","RWERES-DC",TRUE,"#N/A","#N/A","10.112.63.130","#N/A",,,
19910,"EUWSPHCS001",,"EUWSPHCS001","EUWSPHCS001","poweredOn","RWERES-DC",TRUE,"#N/A","#N/A","10.112.61.120","#N/A",,,
20258,"MGMT15020",,"MGMT15020","MGMT15020-ACCENTURE-LOGGER","poweredOn","RWERES-DC",TRUE,"#N/A","#N/A","172.17.15.20","#N/A",,,
20259,"EUWSPMGMT004",,"EUWSPMGMT004","EUWSPMGMT004","poweredOn","RWERES-DC",TRUE,"#N/A","#N/A","172.17.15.75","#N/A",,,
20262,"EUWSPMGMT003",,"EUWSPMGMT003","EUWSPMGMT003","poweredOn","RWERES-DC",TRUE,"#N/A","#N/A","10.60.5.150","#N/A",,,
20299,"EUWSPTS002",,"EUWSPTS002","EUWSPTS002","poweredOn","RWERES-DC",TRUE,"#N/A","#N/A","10.112.61.6","#N/A",,,
20422,"MGMT15171","MGMT15171 - AIS-MGMT","MGMT15171","MGMT15171-BACKUP-AIS-MGMT","poweredOn","RWERES-DC",TRUE,"#N/A","#N/A","172.17.15.171","#N/A",,,
20510,"Zabbix-Proxy-2","Zabbix-Proxy-2","WSUKHUMSQL","WSUKHUMSQL","poweredOn","UK",FALSE,"#N/A","#N/A","10.112.63.130","#N/A","skip","different name in assets EULSDPZBX002",
20688,"UAT250074",,"UAT250074","UAT250074 - TransferServer","poweredOn","RWERES-DC",TRUE,"#N/A","#N/A","172.17.250.74","#N/A",,,
20689,"THP40042","THP40042 - Terminal Server","THP40042","THP40042-Nordex","poweredOn","RWERES-DC",TRUE,"#N/A","#N/A","172.17.40.34","#N/A",,,
20690,"SRV201",,"SRV201","SRV201_LAPS-Test","poweredOn","RWERES-DC",TRUE,"#N/A","#N/A","10.112.61.185","#N/A",,,
20691,"SRV181A",,"SRV181a","SRV181a_Internet_Surfstation","poweredOn","RWERES-DC",TRUE,"#N/A","#N/A","10.112.61.103","#N/A",,,
20696,"SA905071",,"SA905071","SA905071-Historical_Data_02","poweredOn","RWERES-DC",TRUE,"#N/A","#N/A","172.17.50.71","#N/A",,,
20697,"SA905070",,"SA905070","SA905070-Historical_Data_01","poweredOn","RWERES-DC",TRUE,"#N/A","#N/A","172.17.50.70","#N/A",,,
20702,"MIS50005",,"MIS50005","MIS50005-MISCOUT-SERVER","poweredOn","RWERES-DC",TRUE,"#N/A","#N/A","172.17.50.5","#N/A",,,
20703,"MGMT151780",,"MGMT151780","MGMT151780-WIN10SuPJMP6","poweredOn","RWERES-DC",TRUE,"#N/A","#N/A","172.17.15.180","#N/A",,,
20704,"MGMT151778",,"MGMT151778","MGMT151778-WIN10SuPJMP4","poweredOn","RWERES-DC",TRUE,"#N/A","#N/A","172.17.15.178","#N/A",,,
20705,"MGMT151777",,"MGMT151777","MGMT151777-WIN10SuPJMP3","poweredOn","RWERES-DC",TRUE,"#N/A","#N/A","172.17.15.177","#N/A",,,
20707,"MGMT15176",,"MGMT15176","MGMT15176-Veeam-BkpMgr","poweredOn","RWERES-DC",TRUE,"#N/A","#N/A","172.17.15.176","#N/A",,,
20709,"MGMT15175",,"MGMT15175","MGMT15175-Win10SuPJMP2","poweredOn","RWERES-DC",TRUE,"#N/A","#N/A","172.17.15.175","#N/A",,,
20710,"MGMT15174",,"MGMT15174","MGMT15174-WIN10SuPJMP1","poweredOn","RWERES-DC",TRUE,"#N/A","#N/A","172.17.15.174","#N/A",,,
20711,"DEV250028",,"DEV250028","DEV250028-TEST","poweredOn","RWERES-DC",TRUE,"#N/A","#N/A","172.17.250.28","#N/A",,,
20712,"IT-ROM-SUBSCADA","IT-ROM-SUBSCADA","IT-ROM-SUBSCADA","IT-ROM-SUBSCADA","poweredOn","Italy",TRUE,"#N/A","#N/A","172.21.232.114","#N/A",,,
20717,"EUWSPVOB001",,"EUWSPVOB001","EUWSPVOB001","poweredOn","RWERES-DC",TRUE,"#N/A","#N/A","10.112.61.181","#N/A",,,
20727,"EUWSPJMP004",,"EUWSPJMP004","EUWSPJMP004","poweredOn","RWERES-DC",TRUE,"#N/A","#N/A","10.60.199.41","#N/A",,,
20728,"EUWSPJMP002",,"EUWSPJMP002","EUWSPJMP002","poweredOn","RWERES-DC",TRUE,"#N/A","#N/A","10.60.199.39","#N/A",,,
20729,"EUWSPJMP003",,"EUWSPJMP003","EUWSPJMP003","poweredOn","RWERES-DC",TRUE,"#N/A","#N/A","10.60.199.40","#N/A",,,
20730,"EUWSPJMP001",,"EUWSPJMP001","EUWSPJMP001","poweredOn","RWERES-DC",TRUE,"#N/A","#N/A","10.60.199.38","#N/A",,,
20742,"UKWCLONTS001",,"UKWCLONTS001","UKWCLONTS001","poweredOn","UK",TRUE,"#N/A","#N/A","172.22.16.170","#N/A",,,
20743,"CMS30171",,"CMS30171","CMS30171-SKF-OBSERVER","poweredOn","RWERES-DC",TRUE,"#N/A","#N/A","172.17.30.171","#N/A",,,
20744,"EUWSPJMP005",,"EUWSPJMP005","EUWSPJMP005","poweredOn","RWERES-DC",TRUE,"#N/A","#N/A","172.17.40.52","#N/A",,,
20755,"CMS30060",,"CMS30060","CMS30060-BACHMANN-WEBLOG","poweredOn","RWERES-DC",TRUE,"#N/A","#N/A","172.17.30.60","#N/A",,,
20769,"EUWSPJMP006",,"EUWSPJMP006","EUWSPJMP006","poweredOn","RWERES-DC",TRUE,"#N/A","#N/A","10.112.61.121","#N/A",,,
20770,"EUWSPJMP007",,"EUWSPJMP007","EUWSPJMP007","poweredOn","RWERES-DC",TRUE,"#N/A","#N/A","10.112.61.66","#N/A",,,
20771,"MGMT151779",,"MGMT151779","MGMT151779-WIN10SuPJMP5","poweredOn","RWERES-DC",TRUE,"#N/A","#N/A","172.17.15.179","#N/A",,,
20772,"MGMT151781",,"MGMT151781","MGMT151781-WIN10SuPJMP7","poweredOn","RWERES-DC",TRUE,"#N/A","#N/A","172.17.15.181","#N/A",,,
20773,"sa90097",,"SA90097","EON-SA90097-PI-SQL","poweredOn","RWERES-DC",TRUE,"#N/A","#N/A","172.17.3.97","#N/A",,,
20808,"EUWCPHEMSAA001",,"EUWCPHEMSAA001","EUWCPHEMSAA001","poweredOn","RWERES-DC",TRUE,"#N/A","#N/A","172.17.20.23","#N/A",,,
20810,"EUWSPJMP008",,"EUWSPJMP008","EUWSPJMP008","poweredOn","RWERES-DC",TRUE,"#N/A","#N/A","172.17.8.20","#N/A",,,
20811,"EUWSPJMP009",,"EUWSPJMP009","EUWSPJMP009","poweredOn","RWERES-DC",TRUE,"#N/A","#N/A","172.17.6.191","#N/A",,,
20844,"EUWSDNRT001",,"EUWSDNRT001","EUWSDNRT001","poweredOn","RWERES-DC",TRUE,"#N/A","#N/A","172.17.6.192","#N/A",,,
20845,"EUWSDNRT002",,"EUWSDNRT002","EUWSDNRT002","poweredOn","RWERES-DC",TRUE,"#N/A","#N/A","10.112.61.194","#N/A",,,
20846,"EUWCDNRT001",,"EUWCDNRT001","EUWCDNRT001","poweredOn","RWERES-DC",TRUE,"#N/A","#N/A","10.112.61.195","#N/A",,,
20983,"DE - Frankfurt Firewall Public IP","DE - Frankfurt Firewall Public IP","DC120150","RWE-Transfer-DC120150","poweredOff","RWERES-DC",FALSE,"#N/A","#N/A","149.233.7.150","#N/A","skip","does not exist in assets => ",
21012,"EUWSPTS003",,"EUWSPTS003","EUWSPTS003","poweredOn","RWERES-DC",TRUE,"#N/A","#N/A","10.112.61.49","#N/A",,,
21013,"EUWSPTS004",,"EUWSPTS004","EUWSPTS004","poweredOn","RWERES-DC",TRUE,"#N/A","#N/A","10.112.61.50","#N/A",,,
21014,"DEV250020",,"DEV250020","EON-DEV250020-MSSQL-1","poweredOn","RWERES-DC",TRUE,"#N/A","#N/A","172.17.250.20","#N/A",,,
21199,"SQL24702","SQL24702","SQL24702","SQL24702_SQL1_PV_Poland","poweredOn","RWERES-DC",TRUE,"#N/A","#N/A","10.60.199.6","#N/A",,,
21200,"SQL24703",,"SQL24703","SQL24703_SQL2_PV_Poland","poweredOn","RWERES-DC",TRUE,"#N/A","#N/A","10.60.199.7","#N/A",,,
21310,"EUWSPJMP010",,"EUWSPJMP010","EUWSPJMP010","poweredOn","RWERES-DC",TRUE,"#N/A","#N/A","10.60.197.6","#N/A",,,
21354,"EUWSPJMP012",,"EUWSPJMP012","EUWSPJMP012","poweredOn","RWERES-DC",TRUE,"#N/A","#N/A","172.17.15.182","#N/A",,,
21360,"EUWSPJMP013",,"EUWSPJMP013","EUWSPJMP013","poweredOn","RWERES-DC",TRUE,"#N/A","#N/A","172.17.15.183","#N/A",,,
21365,"EUWSPJMP011",,"EUWSPJMP011","EUWSPJMP011","poweredOn","RWERES-DC",TRUE,"#N/A","#N/A","10.112.61.198","#N/A",,,
21367,"EUWSPJMP018",,"EUWSPJMP018","EUWSPJMP018","poweredOn","RWERES-DC",TRUE,"#N/A","#N/A","172.17.6.194","#N/A",,,
21372,"EUWSPJMP019",,"EUWSPJMP019","EUWSPJMP019","poweredOn","RWERES-DC",TRUE,"#N/A","#N/A","172.17.6.195","#N/A",,,
21386,"EUWSPJMP021",,"EUWSPJMP021","EUWSPJMP021","poweredOn","RWERES-DC",TRUE,"#N/A","#N/A","172.17.6.196","#N/A",,,
21390,"EUWSPJMP022",,"EUWSPJMP022","EUWSPJMP022","poweredOn","RWERES-DC",TRUE,"#N/A","#N/A","172.17.8.5","#N/A",,,
21398,"WSPLKRZTCM",,"WSPLKRZTCM","WSPLKRZTCM","poweredOn","Poland",TRUE,"#N/A","#N/A","10.112.0.197","#N/A",,,
21403,"EUWSPJMP020",,"EUWSPJMP020","EUWSPJMP020","poweredOn","RWERES-DC",TRUE,"#N/A","#N/A","10.112.61.74","#N/A",,,
21406,"EUWCPJMP001",,"EUWCPJMP001","EUWCPJMP001","poweredOn","RWERES-DC",TRUE,"#N/A","#N/A","10.112.61.202","#N/A",,,
21407,"EUWSPJMP014",,"EUWSPJMP014","EUWSPJMP014","poweredOn","RWERES-DC",TRUE,"#N/A","#N/A","172.17.8.12","#N/A",,,
21417,"EUWSPJMP024",,"EUWSPJMP024","EUWSPJMP024","poweredOn","RWERES-DC",TRUE,"#N/A","#N/A","172.17.8.6","#N/A",,,
21508,"EUWSPSNOW001",,"EUWSPSNOW001","EUWSPSNOW001","poweredOn","RWERES-DC",TRUE,"#N/A","#N/A","172.17.6.165","#N/A",,,
21519,"EUWSPMITA001",,"EUWSPMITA001","EUWSPMITA001","poweredOn","RWERES-DC",TRUE,"#N/A","#N/A","172.17.50.12","#N/A",,,
21520,"EUWSPSQL002",,"EUWSPSQL002","EUWSPSQL002","poweredOn","RWERES-DC",TRUE,"#N/A","#N/A","172.17.50.11","#N/A",,,
21522,"EUWSPPQI001",,"EUWSPPQI001","EUWSPPQI001","poweredOn","RWERES-DC",TRUE,"#N/A","#N/A","10.112.63.229","#N/A",,,
21523,"EUWSPSQL003",,"EUWSPSQL003","EUWSPSQL003","poweredOn","RWERES-DC",TRUE,"#N/A","#N/A","10.112.63.233","#N/A",,,
21560,"EUWCPTEST001",,"EUWCPTEST001","EUWCPTEST001","poweredOn","RWERES-DC",TRUE,"#N/A","#N/A","10.112.61.61","#N/A",,,
21759,"EUWSPJMP025",,"EUWSPJMP025","EUWSPJMP025","poweredOn","RWERES-DC",TRUE,"#N/A","#N/A","10.112.61.126","#N/A",,,
21773,"EUWSPJMP026",,"EUWSPJMP026","EUWSPJMP026","poweredOn","RWERES-DC",TRUE,"#N/A","#N/A","10.112.61.199","#N/A",,,
21779,"EULSPZBX001",,"EULSPZBX001","EULSPZBX001","poweredOn","RWERES-DC",TRUE,"#N/A","#N/A","10.60.10.211","#N/A",,,
21799,"EUWSPCTRO001",,"EUWSPCTRO001","EUWSPCTRO001","poweredOn","RWERES-DC",TRUE,"#N/A","#N/A","10.60.10.204","#N/A",,,
21801,"EULSDUZBX004",,"EULSDUZBX004","EULSDUZBX004","poweredOn","RWERES-DC",TRUE,"#N/A","#N/A","10.61.10.213","#N/A",,,
21802,"EULSDUZBX003",,"EULSDUZBX003","EULSDUZBX003","poweredOn","RWERES-DC",TRUE,"#N/A","#N/A","10.61.10.212","#N/A",,,
21806,"EUWSDUSQLI001","EUWSDUSQLI001 - MSSQL Ivanti DURESWORLD","EUWSDUSQLI001","EUWSDUSQLI001","poweredOn","RWERES-DC",TRUE,"#N/A","#N/A",,"#N/A","skip","no interface in ZBX => could be an application",
21855,"EULSPARTICA001","SERVER-EULSPARTICA001-ARTICA","eulspartica001","ARTICA-PROXY","poweredOn","RWERES-DC",TRUE,"#N/A","#N/A","10.60.0.245","#N/A",,,
21869,"WSUKGRINETREP",,"WSUKGRINETREP","WSUKGRINETREP","poweredOn","UK",TRUE,"#N/A","#N/A","10.67.248.200","#N/A",,,
21870,"WSUKGRIVOICELOG","10.67.248.200 - Ferncom Voice Log Server","WSUKGRINETREP","WSUKGRINETREP","poweredOn","UK",FALSE,"#N/A","#N/A","10.67.248.201","#N/A","skip","does not exist in assets => ",
21875,"EUWSPJMP027P","EUWSPJMP027P","EUWSPJMP026","EUWSPJMP026","poweredOn","RWERES-DC",FALSE,"#N/A","#N/A","10.112.61.200","#N/A","skip","does not exist in assets => ",
21876,"SRV180",,"SRV180","SRV180_Remote_Desktop_Services","poweredOn","RWERES-DC",TRUE,"#N/A","#N/A","10.112.61.151","#N/A",,,
21877,"SRV164",,"SRV164","SRV164_TCM","poweredOn","RWERES-DC",TRUE,"#N/A","#N/A","10.112.63.240","#N/A",,,
21878,"SRV126A",,"SRV126a","SRV126a_iVANTI-Console","poweredOn","RWERES-DC",TRUE,"#N/A","#N/A","10.112.62.210","#N/A",,,
21879,"SRV124",,"SRV124","SRV124_Rotorsoft_2","poweredOn","RWERES-DC",TRUE,"#N/A","#N/A","10.112.61.45","#N/A",,,
21880,"SRV107",,"SRV107","SRV107_RDSLic2016Core","poweredOn","RWERES-DC",TRUE,"#N/A","#N/A","10.112.63.230","#N/A",,,
21881,"srv99",,"SRV99","SRV99_Iconics-still needed","poweredOn","RWERES-DC",TRUE,"#N/A","#N/A","10.112.63.225","#N/A",,,
21882,"SRV10",,"srv10","SRV10","poweredOn","RWERES-DC",TRUE,"#N/A","#N/A","10.112.61.10","#N/A",,,
21883,"SA90118",,"SA90118","SA90118-Historical_Data_03","poweredOn","RWERES-DC",TRUE,"#N/A","#N/A","10.112.61.118","#N/A",,,
21884,"SA90119",,"SA90119","SA90119-Historical_Data_04","poweredOn","RWERES-DC",TRUE,"#N/A","#N/A","10.112.61.119","#N/A",,,
21885,"EUWSPKMS002",,"EUWSPKMS002","EUWSPKMS002","poweredOn","RWERES-DC",TRUE,"#N/A","#N/A","10.112.63.241","#N/A",,,
21886,"EUWSPJMP023",,"EUWSPJMP023","EUWSPJMP023","poweredOn","RWERES-DC",TRUE,"#N/A","#N/A","10.112.61.201","#N/A",,,
21887,"EUWSPBT001",,"EUWSPBT001","EUWSPBT001","poweredOn","RWERES-DC",TRUE,"#N/A","#N/A","10.112.63.174","#N/A",,,
21888,"EUWCPXWRAP001",,"EUWCPXWRAP001","EUWCPXWRAP001","poweredOn","RWERES-DC",TRUE,"#N/A","#N/A","10.112.61.197","#N/A",,,
21889,"CLT-UKVT01",,"CLT-UKVT01","CLT-UKVT01","poweredOn","RWERES-DC",TRUE,"#N/A","#N/A","10.112.61.167","#N/A",,,
21890,"CLT-UKV04",,"CLT-UKV04","CLT-UKV04","poweredOn","RWERES-DC",TRUE,"#N/A","#N/A","10.112.61.166","#N/A",,,
21891,"CLT-DEV01",,"CLT-DEV01","CLT-DEV01","poweredOn","RWERES-DC",TRUE,"#N/A","#N/A","10.112.61.51","#N/A",,,
21892,"CLT-ITV01",,"CLT-ITV01","CLT-ITV01","poweredOn","RWERES-DC",TRUE,"#N/A","#N/A","10.112.61.52","#N/A",,,
21893,"CLT-ITV02",,"CLT-ITV02","CLT-ITV02","poweredOn","RWERES-DC",TRUE,"#N/A","#N/A","10.112.61.53","#N/A",,,
21894,"CLT-DataExchange",,"CLT-DataExchange","CLT-DataExchange","poweredOn","RWERES-DC",TRUE,"#N/A","#N/A","10.112.61.139","#N/A",,,
21896,"CLT-UKV03",,"CLT-UKV03","CLT-UKV03","poweredOn","RWERES-DC",TRUE,"#N/A","#N/A","10.112.61.56","#N/A",,,
21897,"CLT-UKV02",,"CLT-UKV02","CLT-UKV02","poweredOn","RWERES-DC",TRUE,"#N/A","#N/A","10.112.61.55","#N/A",,,
21898,"CLT-UKV01",,"CLT-UKV01","CLT-UKV01","poweredOn","RWERES-DC",TRUE,"#N/A","#N/A","10.112.61.54","#N/A",,,
21899,"CLT-UK-TK08",,"CLT-UK-TK08","CLT-UK-TK08","poweredOn","RWERES-DC",TRUE,"#N/A","#N/A","10.112.61.158","#N/A",,,
21900,"CLT-UK-TK07",,"CLT-UK-TK07","CLT-UK-TK07","poweredOn","RWERES-DC",TRUE,"#N/A","#N/A","10.112.61.157","#N/A",,,
21901,"CLT-UK-TK06",,"CLT-UK-TK06","CLT-UK-TK06","poweredOn","RWERES-DC",TRUE,"#N/A","#N/A","10.112.61.156","#N/A",,,
21902,"CLT-UK-TK05",,"CLT-UK-TK05","CLT-UK-TK05","poweredOn","RWERES-DC",TRUE,"#N/A","#N/A","10.112.61.148","#N/A",,,
21903,"CLT-UK-TK04",,"CLT-UK-TK04","CLT-UK-TK04","poweredOn","RWERES-DC",TRUE,"#N/A","#N/A","10.112.61.147","#N/A",,,
21904,"CLT-UK-TK03",,"CLT-UK-TK03","CLT-UK-TK03","poweredOn","RWERES-DC",TRUE,"#N/A","#N/A","10.112.61.146","#N/A",,,
21905,"CLT-UK-TK02",,"CLT-UK-TK02","CLT-UK-TK02","poweredOn","RWERES-DC",TRUE,"#N/A","#N/A","10.112.61.145","#N/A",,,
21906,"CLT-UK-BFW01",,"CLT-UK-BFW01","CLT_UK_BFW01","poweredOn","RWERES-DC",TRUE,"#N/A","#N/A","10.112.61.5","#N/A",,,
21907,"CLT-NSO-Lidar",,"CLT-NSO-Lidar","CLT-NSO-Lidar","poweredOn","RWERES-DC",TRUE,"#N/A","#N/A","10.112.61.226","#N/A",,,
21908,"CLT-NLV01",,"CLT-NLV01","CLT-NLV01","poweredOn","RWERES-DC",TRUE,"#N/A","#N/A","10.112.61.31","#N/A",,,
21910,"CLT-DEC01",,"CLT-DEC01","CLT-DEC01","poweredOn","RWERES-DC",TRUE,"#N/A","#N/A","10.112.61.57","#N/A",,,
21911,"MGMT60055",,"MGMT60055","MGMT60055-Horizon-Server","poweredOn","RWERES-DC",TRUE,"#N/A","#N/A","10.60.5.5","#N/A",,,
21912,"MGMT15205",,"MGMT15205","MGMT15205-BIN-TREE-PROD","poweredOn","RWERES-DC",TRUE,"#N/A","#N/A","172.17.15.205","#N/A",,,
21913,"MGMT15200",,"MGMT15200","EON-MGMT15200-SG-Internal-iLO-AMT","poweredOn","RWERES-DC",TRUE,"#N/A","#N/A","172.17.15.200","#N/A",,,
21914,"MGMT15190",,"MGMT15190","MGMT15190-AUTODEPLOY","poweredOn","RWERES-DC",TRUE,"#N/A","#N/A","172.17.15.190","#N/A",,,
21915,"MGMT15140",,"MGMT15140","MGMT15140-IVANTI-ISEC","poweredOn","RWERES-DC",TRUE,"#N/A","#N/A","172.17.15.140","#N/A",,,
21916,"MGMT15138",,"MGMT15138","EON-MGMT15138-CERTERO","poweredOn","RWERES-DC",TRUE,"#N/A","#N/A","172.17.15.138","#N/A",,,
21917,"MGMT15014",,"MGMT15014","MGMT15014-PVM-DVLS","poweredOn","RWERES-DC",TRUE,"#N/A","#N/A","172.17.15.14","#N/A",,,
21918,"MGMT15013",,"MGMT15013","MGMT15013-AZURE-AD-PASSWD-2","poweredOn","RWERES-DC",TRUE,"#N/A","#N/A","172.17.15.13","#N/A",,,
21919,"ST247034",,"ST247034","ST247034_Jmphost_PV_Poland","poweredOn","RWERES-DC",TRUE,"#N/A","#N/A","10.72.247.34","#N/A",,,
21920,"MGMT15012",,"MGMT15012","MGMT15012-AZURE-AD-PASSWD-1","poweredOn","RWERES-DC",TRUE,"#N/A","#N/A","172.17.15.12","#N/A",,,
21921,"MGMT06187",,"MGMT06187","MGMT06187-FORESCOUT-TS","poweredOn","RWERES-DC",TRUE,"#N/A","#N/A","172.17.6.187","#N/A",,,
21922,"ACC247018",,"ACC247018","ACC247018_WEB1_PV_Poland","poweredOn","RWERES-DC",TRUE,"#N/A","#N/A","10.60.199.22","#N/A",,,
21923,"ACC247019",,"ACC247019","ACC247019_WEB2_PV_Poland","poweredOn","RWERES-DC",TRUE,"#N/A","#N/A","10.60.199.23","#N/A",,,
21927,"FWMGT200220",,"FWMGT200220","FWMGT200220-SUP-PRTG-PROBE","poweredOn","RWERES-DC",TRUE,"#N/A","#N/A","172.17.200.220","#N/A",,,
21928,"EUWSPMGMT002",,"EUWSPMGMT002","EUWSPMGMT002-XSF-LOCAL-ADMIN-MGMT","poweredOn","RWERES-DC",TRUE,"#N/A","#N/A","172.17.15.15","#N/A",,,
21930,"DEV250024",,"DEV250024","DEV250024-CODERMONKEYS","poweredOn","RWERES-DC",TRUE,"#N/A","#N/A","172.17.250.24","#N/A",,,
21931,"DEV250026",,"DEV250026","EON-DEV250026-DATABASEMONKEYS","poweredOn","RWERES-DC",TRUE,"#N/A","#N/A","172.17.250.26","#N/A",,,
21932,"DEV250027",,"DEV250027","DEV250027-DATABASEMONKEYS-2","poweredOn","RWERES-DC",TRUE,"#N/A","#N/A","172.17.250.27","#N/A",,,
21934,"EUWCDBTREEA001S",,"EUWCDBTREEA001S","EUWCDBTREEA001S","poweredOn","RWERES-DC",TRUE,"#N/A","#N/A","172.17.15.213","#N/A",,,
21935,"EUWCDNRT002","EUWCDNRT002","EUWCDNRT002","EUWCDNRT002","poweredOn","RWERES-DC",TRUE,"#N/A","#N/A","172.17.6.193","#N/A",,,
21936,"EUWSDBTREE001S",,"EUWSDBTREE001S","EUWSDBTREE001S","poweredOn","RWERES-DC",TRUE,"#N/A","#N/A","172.17.15.212","#N/A",,,
21937,"EUWSDBTREEA001S",,"EUWSDBTREEA001S","EUWSDBTREEA001S","poweredOn","RWERES-DC",TRUE,"#N/A","#N/A","172.17.15.211","#N/A",,,
21939,"DEV250011",,"DEV250011","DEV250011-WEBAPPS-1","poweredOn","RWERES-DC",TRUE,"#N/A","#N/A","172.17.250.11","#N/A",,,